nama_file,ocr_brightness,ocr_contrast,ocr_equalization,nomor_terpilih,metode_terbaik,cer_persen,status_tanda_tangan,persentase_tinta
01_HighQuality_Enhanced.jpg,571012022000056,571012022000056,,571012022000056,brightness,0.0,PRESENT,4.0
02_LowContrast.jpg,571012022000056,571012022000056,,571012022000056,brightness,0.0,PRESENT,4.03
03_Blurred.jpg,71012022000056,571012022000056,,571012022000056,contrast,0.0,PRESENT,6.18
04_HighNoise.jpg,571012022000056,571012022000056,,571012022000056,brightness,0.0,PRESENT,3.92
05_LowResolution_Upsampled.jpg,571012022000056,571012022000056,,571012022000056,brightness,0.0,PRESENT,4.55
06_Faded_Underexposed.jpg,571012022000056,571012022000056,,571012022000056,brightness,0.0,PRESENT,4.05
07_ColorShift_WarmTint.jpg,571012022000056,571012022000056,,571012022000056,brightness,0.0,PRESENT,4.02
08_JPEGCompression_Artifacts.jpg,571012022000056,571012022000056,,571012022000056,brightness,0.0,PRESENT,4.09
09_CombinedDegradation.jpg,571012022000056,571012022000056,,571012022000056,brightness,0.0,PRESENT,4.4
